1,intelligence
2,artificial
3,help
4,python
5,error
6,target
7,learning
8,new
9,machine
10,have
11,now
12,not
13,human
14,use
15,link
16,such
17,knowledge
18,edit
19,function
20,other
21,system
22,research
23,neural
24,original
25,data
26,also
27,problem
28,many
29,science
30,computer
31,theory
32,information
33,example
34,language
35,code
36,software
37,main
38,ago
39,reasoning
40,computing
41,logic
42,technology
43,search
44,algorithm
45,added
46,intelligent
47,computational
48,only
49,see
50,network
51,algorithms
52,method
53,nilsson
54,mind
55,used
56,general
57,there
58,cognitive
59,development
60,bronze
61,instead
62,processing
63,deep
64,first
65,evolutionary
66,list
67,return
68,article
69,robots
70,support
71,make
72,time
73,number
74,decision
75,file
76,field
77,possible
78,optimization
79,programming
80,default
81,control
82,natural
83,future
84,learn
85,input
86,form
87,argument
88,value
89,process
90,social
91,technological
92,press
93,behavior
94,longer
95,turing
96,deprecated
97,model
98,type
99,engineering
100,brain
101,include
102,stack
103,same
104,work
105,philosophy
106,autonomous
107,well
108,module
109,application
110,build
111,planning
112,agent
113,class
114,set
115,risk
116,recognition
117,symbolic
118,mathematical
119,world
120,security
121,web
122,program
123,analysis
124,robot
125,scientific
126,approach
127,object
128,different
129,name
130,often
131,architecture
132,test
133,history
134,representation
135,large
136,computation
137,version
138,import
139,user
140,then
141,simple
142,change
143,directory
144,run
145,available
146,consciousness
147,parameter
148,print
149,create
150,multiple
151,however
152,way
153,game
154,get
155,hour
156,life
157,case
158,performance
159,center
160,management
161,news
162,dreyfus
163,container
164,text
165,specific
166,loop
167,design
168,bayesian
169,understanding
170,solve
171,formal
172,image
173,commonsense
174,need
175,current
176,library
177,following
178,base
179,question
180,very
181,virtual
182,related
183,study
184,environment
185,perception
186,statistical
187,digital
188,goal
189,making
190,even
191,able
192,one
193,exception
194,memory
195,read
196,instance
197,early
198,complex
199,art
200,full
201,conference
202,google
203,journal
204,find
205,write
206,key
207,next
208,speech
209,take
210,modern
211,expression
212,source
213,evolution
214,review
215,simon
216,mit
217,protocol
218,still
219,own
220,know
221,add
222,access
223,open
224,configuration
225,order
226,recurrent
227,singularity
228,space
229,long
230,calculus
231,rather
232,public
233,think
234,automation
235,particular
236,project
237,certain
238,index
239,part
240,real
241,reference
242,vision
243,solving
244,require
245,humanity
246,power
247,progress
248,difficult
249,classification
250,thus
251,business
252,page
253,modeling
254,genetic
255,mental
256,ethical
257,chapter
258,company
259,copy
260,automatically
261,call
262,video
263,much
264,level
265,success
266,philosophical
267,fiction
268,uncertain
269,few
270,law
271,otherwise
272,path
273,concept
274,category
275,semantic
276,widely
277,point
278,hard
279,further
280,faster
281,badge
282,variable
283,dictionary
284,right
285,experience
286,release
287,industry
288,mobile
289,building
290,several
291,ability
292,previous
293,common
294,logical
295,increase
296,citation
297,popular
298,classifier
299,basic
300,together
301,swarm
302,strategy
303,tree
304,allow
305,paradigm
306,thinking
307,economics
308,potential
309,become
310,springer
311,extension
312,understand
313,string
314,silver
315,word
316,believe
317,want
318,output
319,script
320,database
321,fast
322,necessary
323,service
324,directly
325,real-time
326,generation
327,effect
328,harm
329,expert
330,match
331,task
332,inference
333,continue
334,description
335,operating
336,translation
337,idea
338,result
339,around
340,mode
341,hardware
342,automated
343,online
344,distributed
345,institute
346,await
347,attribute
348,here
349,format
350,issue
351,solution
352,random
353,standard
354,training
355,provide
356,layer
357,chinese
358,size
359,sample
360,never
361,second
362,generally
363,military
364,nature
365,moral
366,hypothesis
367,external
368,electronic
369,mining
370,due
371,year
372,survey
373,past
374,reason
375,threat
376,major
377,age
378,physical
379,retrieval
380,position
381,too
382,argue
383,event
384,already
385,universal
386,healthcare
387,better
388,financial
389,advanced
390,existential
391,society
392,enterprise
393,private
394,syntax
395,note
396,please
397,tags
398,last
399,once
400,check
401,capable
402,customer
403,content
404,assignment
405,like
406,actually
407,sequence
408,always
409,line
410,load
411,handle
412,successfully
413,term
414,definition
415,chess
416,psychology
417,simulate
418,simulation
419,soft
420,possibility
421,book
422,medical
423,similar
424,reinforcement
425,avoid
426,determine
427,abstract
428,car
429,false
430,complexity
431,good
432,exist
433,dynamic
434,interaction
435,biology
436,symbol
437,thought
438,revolution
439,embodied
440,view
441,complicated
442,trained
443,paper
444,additional
445,storage
446,traffic
447,vehicle
448,section
449,magazine
450,report
451,multimedia
452,materialism
453,built
454,pickle
455,installed
456,technical
457,perform
458,body
459,empty
460,macro
461,pandas
462,force
463,accuracy
464,post
465,binary
466,single
467,tech
468,robotic
469,compute
470,scale
471,manage
472,state
473,powerful
474,down
475,easy
476,encyclopedia
477,navigation
478,room
479,optical
480,probability
481,consider
482,machinery
483,market
484,government
485,achieve
486,adaptation
487,fitness
488,best
489,patient
490,basis
491,relationship
492,location
493,attempt
494,person
495,produce
496,detection
497,selection
498,affective
499,simulated
500,try
501,fuzzy
502,hidden
503,intelligently
504,supervised
505,dead
506,efficient
507,improve
508,cancer
509,recent
510,changing
511,economic
512,audit
513,role
514,proposal
515,biological
516,nrc
517,international
518,introduction
519,european
520,unmanned
521,debug
522,stable
523,embed
524,integer
525,team
526,community
527,share
528,filter
529,pow
530,normal
531,finance
532,automate
533,voice
534,sometimes
535,structure
536,background
537,white
538,document
539,https
540,length
541,predict
542,addition
543,likely
544,end
545,city
546,situation
547,far
548,keep
549,global
550,cloud
551,winter
552,chance
553,academic
554,funding
555,unemployment
556,manipulation
557,scruffy
558,demand
559,friendly
560,functionalism
561,act
562,beat
563,algorithmic
564,narrow
565,extremely
566,separate
567,reduce
568,brown
569,pattern
570,none
571,complete
572,hand
573,uncertainty
574,emergent
575,regression
576,possibly
577,literal
578,away
579,automobile
580,old
581,inductive
582,tool
583,actual
584,signal
585,short-term
586,unsupervised
587,back
588,cause
589,treat
590,truck
591,place
592,regulation
593,previously
594,race
595,hospitality
596,efficiency
597,benefit
598,dangerous
599,sense
600,critique
601,feature
602,inverse
603,employment
604,property
605,red
606,strong
607,accept
608,ground
609,van
610,ceo
611,programmed
612,reading
613,dualism
614,circuit
615,documentation
616,regular
617,float
618,interpreter
619,flag
620,site
621,free
622,top
623,command
624,button
625,identify
626,table
627,title
628,just
629,choose
630,fully
631,limit
632,tell
633,put
634,custom
635,callback
636,template
637,framework
638,era
639,almost
640,high
641,parallel
642,consistent
643,enable
644,filtering
645,device
646,deploy
647,easily
648,deal
649,account
650,contrast
651,maximize
652,yet
653,traditional
654,move
655,century
656,thesis
657,average
658,difficulty
659,later
660,integration
661,diagnosis
662,count
663,personal
664,utility
665,therefore
666,explosion
667,useful
668,principle
669,mechanism
670,really
671,straightforward
672,ontology
673,explicit
674,area
675,discovery
676,true
677,master
678,kind
679,hierarchical
680,parse
681,industrial
682,static
683,motion
684,give
685,breadth
686,cognition
687,hypothetical
688,completely
689,psychological
690,wide
691,successful
692,developmental
693,guess
694,particle
695,colony
696,causal
697,accurate
698,various
699,group
700,temporal
701,jump
702,specifically
703,update
704,testing
705,decide
706,today
707,behavioral
708,volume
709,organization
710,legal
711,solved
712,targeting
713,ensure
714,feel
715,pure
716,job
717,enough
718,portal
719,reality
720,association
721,synthesis
722,impact
723,date
724,objection
725,lucas
726,means
727,warning
728,finally
729,realism
730,identity
731,convergence
732,server
733,names
734,implementation
735,cache
736,option
737,yield
738,optional
739,decorator
740,socket
741,christian
742,created
743,passing
744,log
745,exchange
746,blog
747,variant
748,self
749,define
750,range
751,operation
752,website
753,condition
754,boolean
755,vote
756,gold
757,excel
758,typically
759,functional
760,selenium
761,speak
762,minimum
763,course
764,element
765,day
766,root
767,flask
768,upload
769,prime
770,wrong
771,seem
772,execute
773,install
774,bug
775,slow
776,individual
777,html
778,turn
779,presence
780,exponential
781,replace
782,huge
783,board
784,rational
785,measure
786,practice
787,great
788,care
789,trigger
790,response
791,precisely
792,variety
793,stream
794,historical
795,develop
796,cost
797,advantage
798,infrastructure
799,focus
800,extreme
801,usage
802,accepted
803,disambiguation
804,mimic
805,long-term
806,antiquity
807,mass
808,concurrent
809,mechanical
810,deduction
811,escape
812,again
813,transistor
814,landmark
815,21st
816,answering
817,significant
818,player
819,rise
820,greatly
821,supply
822,correctly
823,interpret
824,play
825,square
826,corner
827,combinatorial
828,map
829,internal
830,bad
831,fall
832,limited
833,fact
834,domain
835,central
836,classical
837,upper
838,foundation
839,concern
840,qualification
841,look
842,context
843,conscious
844,actor
845,assess
846,competition
847,numerical
848,spam
849,sufficiently
850,isolated
851,spectrum
852,analyze
853,small
854,movement
855,paradox
856,coordination
857,emotion
858,vast
859,transfer
860,reach
861,author
862,sophisticated
863,begin
864,landscape
865,ant
866,belief
867,probabilistic
868,clustering
869,prediction
870,evidence
871,neighbor
872,gaussian
873,naive
874,distribution
875,speed
876,continuous
877,automatic
878,gradient
879,overview
880,arbitrary
881,numerous
882,benchmark
883,energy
884,initial
885,high-risk
886,creation
887,mapping
888,innovation
889,surveillance
890,duration
891,advertising
892,special
893,constant
894,helpful
895,predicted
896,worry
897,discussion
898,researcher
899,currently
900,maintenance
